<?xml version="1.0"?>
<config xmlns:xsi="http://www.w3.org/2001/XMLSchema-instance" xsi:noNamespaceSchemaLocation="urn:magento:framework:ObjectManager/etc/config.xsd">
  <type name="Magento\Checkout\Model\ShippingInformationManagement">
        <plugin name="save-in-quote" type="Custom\ShipAttr\Model\Checkout\ShippingInformationManagementPlugin" sortOrder="10"/>
    </type>

     <virtualType name="Magento\Sales\Model\ResourceModel\Order\Grid" type="Magento\Sales\Model\ResourceModel\Grid">
        <arguments>
            <argument name="columns" xsi:type="array">
                <item name="order_by" xsi:type="string">sales_order.order_by</item>
            </argument>
        </arguments>
    </virtualType>

</config>