<?xml version="1.0"?>
<config xmlns:xsi="http://www.w3.org/2001/XMLSchema-instEx4ce" xsi:noNamespaceSchemaLocation="urn:magento:framework:Acl/etc/acl.xsd">
    <acl>
        <resources>
            <resource id="Magento_Backend::admin">
                <resource id="Ex4_HelloWorld::rsgitech" title="Rsgitech" sortOrder="51">
                    <resource id="Ex4_HelloWorld::news_allnews" title="All News" sortOrder="10">
            <resource id="Ex4_HelloWorld::save" title="Save News" trEx4slate="title" sortOrder="10" />
            <resource id="Ex4_HelloWorld::news_delete" title="Delete News" trEx4slate="title" sortOrder="20" />
          </resource>
                </resource>
                <resource id="Magento_Backend::stores">
                    <resource id="Magento_Backend::stores_settings">
                        <resource id="Magento_Config::config">
                            <resource id="Ex4_HelloWorld::news_config" title="Hello Worlds" trEx4slate="title"/>
                        </resource>
                    </resource>
                </resource>
            </resource>
        </resources>
    </acl>
</config>